--
-- PostgreSQL database dump
--

-- Dumped from database version 16.3
-- Dumped by pg_dump version 16.3

-- Started on 2024-12-12 14:08:41 CET

SET statement_timeout = 0;
SET lock_timeout = 0;
SET idle_in_transaction_session_timeout = 0;
SET client_encoding = 'UTF8';
SET standard_conforming_strings = on;
SELECT pg_catalog.set_config('search_path', '', false);
SET check_function_bodies = false;
SET xmloption = content;
SET client_min_messages = warning;
SET row_security = off;

SET default_tablespace = '';

SET default_table_access_method = heap;

--
-- TOC entry 226 (class 1259 OID 34181)
-- Name: club_likes; Type: TABLE; Schema: public; Owner: postgres
--

CREATE TABLE public.club_likes (
    id bigint NOT NULL,
    score bigint,
    club_id bigint NOT NULL
);


ALTER TABLE public.club_likes OWNER TO postgres;

--
-- TOC entry 225 (class 1259 OID 34180)
-- Name: club_likes_id_seq; Type: SEQUENCE; Schema: public; Owner: postgres
--

ALTER TABLE public.club_likes ALTER COLUMN id ADD GENERATED BY DEFAULT AS IDENTITY (
    SEQUENCE NAME public.club_likes_id_seq
    START WITH 1
    INCREMENT BY 1
    NO MINVALUE
    NO MAXVALUE
    CACHE 1
);


--
-- TOC entry 216 (class 1259 OID 34114)
-- Name: clubs; Type: TABLE; Schema: public; Owner: postgres
--

CREATE TABLE public.clubs (
    id bigint NOT NULL,
    content character varying(500000),
    created_on timestamp(6) without time zone,
    photo_url character varying(255),
    title character varying(255),
    updated_on timestamp(6) without time zone,
    created_by bigint NOT NULL,
    location_map_link character varying(5000)
);


ALTER TABLE public.clubs OWNER TO postgres;

--
-- TOC entry 215 (class 1259 OID 34113)
-- Name: clubs_id_seq; Type: SEQUENCE; Schema: public; Owner: postgres
--

ALTER TABLE public.clubs ALTER COLUMN id ADD GENERATED BY DEFAULT AS IDENTITY (
    SEQUENCE NAME public.clubs_id_seq
    START WITH 1
    INCREMENT BY 1
    NO MINVALUE
    NO MAXVALUE
    CACHE 1
);


--
-- TOC entry 218 (class 1259 OID 34122)
-- Name: event; Type: TABLE; Schema: public; Owner: postgres
--

CREATE TABLE public.event (
    id bigint NOT NULL,
    created_on timestamp(6) without time zone,
    end_time timestamp(6) without time zone,
    name character varying(255),
    photo_url character varying(255),
    start_time timestamp(6) without time zone,
    type character varying(255),
    updated_on timestamp(6) without time zone,
    club_id bigint NOT NULL,
    location_map_link character varying(5000)
);


ALTER TABLE public.event OWNER TO postgres;

--
-- TOC entry 217 (class 1259 OID 34121)
-- Name: event_id_seq; Type: SEQUENCE; Schema: public; Owner: postgres
--

ALTER TABLE public.event ALTER COLUMN id ADD GENERATED BY DEFAULT AS IDENTITY (
    SEQUENCE NAME public.event_id_seq
    START WITH 1
    INCREMENT BY 1
    NO MINVALUE
    NO MAXVALUE
    CACHE 1
);


--
-- TOC entry 228 (class 1259 OID 34187)
-- Name: event_likes; Type: TABLE; Schema: public; Owner: postgres
--

CREATE TABLE public.event_likes (
    id bigint NOT NULL,
    score bigint,
    event_id bigint NOT NULL
);


ALTER TABLE public.event_likes OWNER TO postgres;

--
-- TOC entry 227 (class 1259 OID 34186)
-- Name: event_likes_id_seq; Type: SEQUENCE; Schema: public; Owner: postgres
--

ALTER TABLE public.event_likes ALTER COLUMN id ADD GENERATED BY DEFAULT AS IDENTITY (
    SEQUENCE NAME public.event_likes_id_seq
    START WITH 1
    INCREMENT BY 1
    NO MINVALUE
    NO MAXVALUE
    CACHE 1
);


--
-- TOC entry 231 (class 1259 OID 34232)
-- Name: recommended_clubs; Type: TABLE; Schema: public; Owner: postgres
--

CREATE TABLE public.recommended_clubs (
    user_id bigint NOT NULL,
    recommended_clubs_id bigint NOT NULL
);


ALTER TABLE public.recommended_clubs OWNER TO postgres;

--
-- TOC entry 232 (class 1259 OID 34254)
-- Name: recommended_events; Type: TABLE; Schema: public; Owner: postgres
--

CREATE TABLE public.recommended_events (
    user_id bigint NOT NULL,
    recommended_events_id bigint NOT NULL
);


ALTER TABLE public.recommended_events OWNER TO postgres;

--
-- TOC entry 220 (class 1259 OID 34130)
-- Name: roles; Type: TABLE; Schema: public; Owner: postgres
--

CREATE TABLE public.roles (
    id bigint NOT NULL,
    name character varying(255)
);


ALTER TABLE public.roles OWNER TO postgres;

--
-- TOC entry 219 (class 1259 OID 34129)
-- Name: roles_id_seq; Type: SEQUENCE; Schema: public; Owner: postgres
--

ALTER TABLE public.roles ALTER COLUMN id ADD GENERATED BY DEFAULT AS IDENTITY (
    SEQUENCE NAME public.roles_id_seq
    START WITH 1
    INCREMENT BY 1
    NO MINVALUE
    NO MAXVALUE
    CACHE 1
);


--
-- TOC entry 235 (class 1259 OID 34320)
-- Name: slope_one_data; Type: TABLE; Schema: public; Owner: postgres
--

CREATE TABLE public.slope_one_data (
    id bigint NOT NULL,
    club_recommendation_matrix_json oid,
    event_recommendation_matrix_json oid
);


ALTER TABLE public.slope_one_data OWNER TO postgres;

--
-- TOC entry 229 (class 1259 OID 34192)
-- Name: user_club_likes; Type: TABLE; Schema: public; Owner: postgres
--

CREATE TABLE public.user_club_likes (
    user_id bigint NOT NULL,
    club_likes_id bigint NOT NULL
);


ALTER TABLE public.user_club_likes OWNER TO postgres;

--
-- TOC entry 230 (class 1259 OID 34195)
-- Name: user_event_likes; Type: TABLE; Schema: public; Owner: postgres
--

CREATE TABLE public.user_event_likes (
    user_id bigint NOT NULL,
    event_likes_id bigint NOT NULL,
    recommended_events_id bigint NOT NULL,
    event_likes_key bigint NOT NULL,
    event_like_id bigint NOT NULL,
    event_id bigint NOT NULL
);


ALTER TABLE public.user_event_likes OWNER TO postgres;

--
-- TOC entry 221 (class 1259 OID 34135)
-- Name: user_roles; Type: TABLE; Schema: public; Owner: postgres
--

CREATE TABLE public.user_roles (
    user_id bigint NOT NULL,
    role_id bigint NOT NULL
);


ALTER TABLE public.user_roles OWNER TO postgres;

--
-- TOC entry 223 (class 1259 OID 34139)
-- Name: users; Type: TABLE; Schema: public; Owner: postgres
--

CREATE TABLE public.users (
    id bigint NOT NULL,
    email character varying(255),
    password character varying(255),
    username character varying(255),
    club_recommendation_score_matrix bytea,
    event_recommendation_score_matrix bytea,
    club_likes bytea,
    event_likes bytea
);


ALTER TABLE public.users OWNER TO postgres;

--
-- TOC entry 233 (class 1259 OID 34286)
-- Name: users_club_likes; Type: TABLE; Schema: public; Owner: postgres
--

CREATE TABLE public.users_club_likes (
    users_id bigint NOT NULL,
    club_likes_id bigint NOT NULL
);


ALTER TABLE public.users_club_likes OWNER TO postgres;

--
-- TOC entry 234 (class 1259 OID 34291)
-- Name: users_event_likes; Type: TABLE; Schema: public; Owner: postgres
--

CREATE TABLE public.users_event_likes (
    users_id bigint NOT NULL,
    event_likes_id bigint NOT NULL
);


ALTER TABLE public.users_event_likes OWNER TO postgres;

--
-- TOC entry 222 (class 1259 OID 34138)
-- Name: users_id_seq; Type: SEQUENCE; Schema: public; Owner: postgres
--

ALTER TABLE public.users ALTER COLUMN id ADD GENERATED BY DEFAULT AS IDENTITY (
    SEQUENCE NAME public.users_id_seq
    START WITH 1
    INCREMENT BY 1
    NO MINVALUE
    NO MAXVALUE
    CACHE 1
);


--
-- TOC entry 224 (class 1259 OID 34167)
-- Name: users_roles; Type: TABLE; Schema: public; Owner: postgres
--

CREATE TABLE public.users_roles (
    user_id bigint NOT NULL,
    role_id bigint NOT NULL
);


ALTER TABLE public.users_roles OWNER TO postgres;

--
-- TOC entry 3716 (class 0 OID 34181)
-- Dependencies: 226
-- Data for Name: club_likes; Type: TABLE DATA; Schema: public; Owner: postgres
--

INSERT INTO public.club_likes VALUES (1, 1, 17) ON CONFLICT DO NOTHING;
INSERT INTO public.club_likes VALUES (2, 1, 17) ON CONFLICT DO NOTHING;
INSERT INTO public.club_likes VALUES (3, 1, 17) ON CONFLICT DO NOTHING;
INSERT INTO public.club_likes VALUES (4, 1, 17) ON CONFLICT DO NOTHING;
INSERT INTO public.club_likes VALUES (5, -1, 17) ON CONFLICT DO NOTHING;
INSERT INTO public.club_likes VALUES (6, 1, 18) ON CONFLICT DO NOTHING;
INSERT INTO public.club_likes VALUES (7, 1, 17) ON CONFLICT DO NOTHING;
INSERT INTO public.club_likes VALUES (8, 1, 19) ON CONFLICT DO NOTHING;
INSERT INTO public.club_likes VALUES (9, 1, 17) ON CONFLICT DO NOTHING;
INSERT INTO public.club_likes VALUES (10, -1, 17) ON CONFLICT DO NOTHING;
INSERT INTO public.club_likes VALUES (11, 1, 17) ON CONFLICT DO NOTHING;
INSERT INTO public.club_likes VALUES (12, 1, 18) ON CONFLICT DO NOTHING;
INSERT INTO public.club_likes VALUES (13, 1, 19) ON CONFLICT DO NOTHING;
INSERT INTO public.club_likes VALUES (14, 1, 17) ON CONFLICT DO NOTHING;
INSERT INTO public.club_likes VALUES (15, 1, 18) ON CONFLICT DO NOTHING;
INSERT INTO public.club_likes VALUES (16, 1, 19) ON CONFLICT DO NOTHING;
INSERT INTO public.club_likes VALUES (17, -1, 19) ON CONFLICT DO NOTHING;
INSERT INTO public.club_likes VALUES (18, -1, 18) ON CONFLICT DO NOTHING;
INSERT INTO public.club_likes VALUES (19, -1, 17) ON CONFLICT DO NOTHING;
INSERT INTO public.club_likes VALUES (20, 1, 17) ON CONFLICT DO NOTHING;
INSERT INTO public.club_likes VALUES (21, 1, 17) ON CONFLICT DO NOTHING;
INSERT INTO public.club_likes VALUES (22, -1, 17) ON CONFLICT DO NOTHING;
INSERT INTO public.club_likes VALUES (23, 1, 17) ON CONFLICT DO NOTHING;
INSERT INTO public.club_likes VALUES (24, -1, 17) ON CONFLICT DO NOTHING;
INSERT INTO public.club_likes VALUES (25, 1, 17) ON CONFLICT DO NOTHING;
INSERT INTO public.club_likes VALUES (26, 1, 19) ON CONFLICT DO NOTHING;
INSERT INTO public.club_likes VALUES (27, 1, 18) ON CONFLICT DO NOTHING;
INSERT INTO public.club_likes VALUES (28, -1, 18) ON CONFLICT DO NOTHING;
INSERT INTO public.club_likes VALUES (29, -1, 17) ON CONFLICT DO NOTHING;
INSERT INTO public.club_likes VALUES (30, 1, 18) ON CONFLICT DO NOTHING;
INSERT INTO public.club_likes VALUES (31, -1, 18) ON CONFLICT DO NOTHING;
INSERT INTO public.club_likes VALUES (32, 1, 19) ON CONFLICT DO NOTHING;
INSERT INTO public.club_likes VALUES (33, 1, 17) ON CONFLICT DO NOTHING;


--
-- TOC entry 3706 (class 0 OID 34114)
-- Dependencies: 216
-- Data for Name: clubs; Type: TABLE DATA; Schema: public; Owner: postgres
--

INSERT INTO public.clubs VALUES (17, 'Shibuya CLUB QUATTRO is a well-regarded live music venue located on the top floor of the Book Off store in Shibuya, Tokyo. Known for its intimate setting and excellent acoustics, it attracts a wide range of both international and Japanese artists, spanning diverse music genres. It is especially popular among fans who enjoy close-up performances from their favorite bands.

The venue''s main floor features a standing area that creates a dynamic and immersive concert experience, though it does have a few view-obstructing pillars. Despite this, it remains a favorite for music enthusiasts due to its high-quality performances and vibrant atmosphere.

Situated at 32-13-4 Udagawacho in Shibuya, it''s easily accessible from Shibuya Station via multiple train lines. Recent acts performing at the club include international bands like Rhapsody of Fire and local Japanese groups such as Wienners​.', NULL, 'https://limpress.com/wp-content/uploads/2018/04/20180420-DSC_6221-1.jpg', 'Shibuya CLUB QUATTRO', '2024-12-08 17:08:07.128599', 7, 'https://www.google.com/maps/embed?pb=!1m18!1m12!1m3!1d3241.6454720887546!2d139.6949713768007!3d35.66110547259382!2m3!1f0!2f0!3f0!3m2!1i1024!2i768!4f13.1!3m3!1m2!1s0x60188ca90b39b971%3A0x731249a28e21e3a7!2sShibuya%20CLUB%20QUATTRO!5e0!3m2!1sen!2scz!4v1732651065706!5m2!1sen!2scz') ON CONFLICT DO NOTHING;
INSERT INTO public.clubs VALUES (18, 'BAIA Tokyo is a sophisticated nightclub located in Shibuya, known for its luxurious and artistic ambiance. Designed by New York architect Roy Nacham, the venue is distinguished by its use of high-end marble, offering a refined alternative to the typical underground club aesthetic. BAIA is a hotspot for upscale parties and adult social gatherings, creating a stylish and elegant space for its guests.

The club caters to a chic crowd and offers discounted entry prices, such as ¥1,500 for men and ¥500 for women, each including one drink. VIP tables are also available for a more exclusive experience.

For more details about events and bookings, you can visit platforms like Wanderlog or BAIA''s official pages.', NULL, 'https://baiatokyo.com/wp-content/themes/baia-tokyo-5/assets/images/venu-second.jpg', 'BAIA Tokyo', '2024-11-26 22:18:35.497721', 1, 'https://www.google.com/maps/embed?pb=!1m18!1m12!1m3!1d3241.623781095299!2d139.69649987680074!3d35.6616397725936!2m3!1f0!2f0!3f0!3m2!1i1024!2i768!4f13.1!3m3!1m2!1s0x60188d2ffa183811%3A0x51a7cadafb5b9c3a!2sBAIA!5e0!3m2!1sen!2scz!4v1732655866664!5m2!1sen!2scz') ON CONFLICT DO NOTHING;
INSERT INTO public.clubs VALUES (19, 'CÉ LA VI Tokyo is a luxurious rooftop venue located in the iconic Tokyu Plaza Shibuya. It offers a multi-faceted experience with stunning views of Tokyo, spread across three main spaces: the Restaurant & Sky Bar, the Bao by CÉ LA VI casual dining area, and the Club Lounge. The restaurant serves contemporary Asian cuisine, while the Bao restaurant focuses on fusion dishes like bao buns and burgers​
CLUBBABLE
​
CÉ LA VI
.

The Club Lounge, where the nightlife action happens, boasts an impressive sound and light system, with rotating beam lights and lasers to enhance the experience. It''s known for hosting top-tier DJs who play a mix of house, techno, and hip-hop. The ambiance at CE LA VI is cosmopolitan, attracting both locals and international visitors​
CLUBBABLE
.

In terms of atmosphere, the venue strikes a balance between refined elegance and relaxed luxury, with a smart-casual dress code in place​
CÉ LA VI
.', NULL, 'https://globalproduce-event.com/wp-content/uploads/2022/07/main15-1.jpg', 'CÉ LA VI TOKYO', '2024-12-01 23:14:35.697474', 7, 'https://www.google.com/maps/embed?pb=!1m18!1m12!1m3!1d3241.7948006145302!2d139.69755137680048!3d35.657426972595005!2m3!1f0!2f0!3f0!3m2!1i1024!2i768!4f13.1!3m3!1m2!1s0x60188b502d673a83%3A0xb5db861a876a9348!2sC%C3%89%20LA%20VI%20TOKYO!5e0!3m2!1sen!2scz!4v1732715511718!5m2!1sen!2scz') ON CONFLICT DO NOTHING;
INSERT INTO public.clubs VALUES (20, 'WOMB, located in the heart of Shibuya, is one of Tokyo''s most iconic nightclubs. Since its opening in 2000, it has established itself as a cornerstone of Japan''s electronic dance music scene. Renowned for its cutting-edge music, exceptional sound system, and immersive atmosphere, WOMB attracts both Tokyo locals and international visitors, making it a must-visit destination for anyone exploring the city’s nightlife.

One of WOMB’s standout features is its world-class sound system. Designed to provide crystal-clear acoustics and deep bass, the system delivers an unparalleled auditory experience, ensuring that every beat resonates perfectly on the dance floor. Complementing the music is the club’s hypnotic lighting and visuals, carefully curated to match the energy of the night. The iconic giant disco ball on the main floor adds to the enchanting atmosphere, casting mesmerizing patterns across the crowd.

The club spans four floors, each offering a unique vibe. The main dance floor is the pulsating heart of WOMB, often hosting internationally acclaimed DJs spinning genres like techno, house, drum and bass, and trance. Notable artists such as Richie Hawtin, Sasha, and Sven Väth have graced its decks, cementing WOMB''s reputation as a venue for top-tier performances. For those seeking a break from the dance floor, the upper levels feature cozy lounges, bars, and VIP areas, perfect for relaxing or mingling with fellow partygoers.

The crowd at WOMB is as diverse as its music lineup, blending Tokyo''s trendsetting locals with expats and tourists from around the globe. Its welcoming vibe makes it an excellent entry point for newcomers to Tokyo''s club scene, while its reputation for high-quality events ensures a loyal following of seasoned nightlife enthusiasts. The club typically peaks after midnight, with events running well into the early morning hours.

Conveniently located just a 10-minute walk from Shibuya Station, WOMB is easily accessible and surrounded by a variety of dining and entertainment options. Pre-club dinner spots abound, and post-club activities like karaoke or late-night ramen are just around the corner. Entry fees typically range from ¥3,000 to ¥5,000, depending on the event, with discounted tickets often available online or through event flyers. While casual attire is generally accepted, a slightly dressed-up look fits the vibrant energy of the venue.

Visiting WOMB is more than just a night out; it’s a sensory experience that captures the essence of Tokyo’s dynamic nightlife. Whether you’re a fan of electronic dance music or simply looking for an unforgettable night in the city, WOMB offers a perfect blend of music, energy, and atmosphere that leaves a lasting impression.', '2024-12-12 13:05:03.087387', 'https://dynamic-media-cdn.tripadvisor.com/media/photo-o/19/36/f3/aa/2f-main-floor.jpg?w=1200&h=-1&s=1', ' WOMB', '2024-12-12 13:05:03.087596', 7, 'https://www.google.com/maps/embed?pb=!1m18!1m12!1m3!1d12967.017478954998!2d139.68466682692855!3d35.65842296333608!2m3!1f0!2f0!3f0!3m2!1i1024!2i768!4f13.1!3m3!1m2!1s0x60188caa14bf5541%3A0x47a02a52c7050543!2sWOMB!5e0!3m2!1sen!2scz!4v1734005075591!5m2!1sen!2scz') ON CONFLICT DO NOTHING;
INSERT INTO public.clubs VALUES (21, 'T2 SHINJUKU is a prominent nightclub located in Tokyo’s bustling Shinjuku district, offering an upscale and energetic nightlife experience. Known for its sleek interior design and vibrant atmosphere, the club has quickly become a favorite destination for partygoers seeking a lively night out in the city. T2 combines modern aesthetics with top-notch entertainment, making it a standout venue in Tokyo’s ever-evolving nightlife scene.

The club is well-known for its state-of-the-art sound and lighting systems, which create an immersive environment that keeps the energy high all night. DJs at T2 SHINJUKU play a wide range of music, including house, hip-hop, EDM, and chart-topping hits, ensuring that there’s something for everyone. Both local and international DJs frequently perform at the club, contributing to its reputation as a venue for high-quality music and entertainment.

T2 SHINJUKU caters to a diverse crowd, including locals, expats, and tourists. The club’s cosmopolitan vibe is part of its charm, attracting a stylish and lively mix of people looking to dance, socialize, and enjoy a memorable evening. With multiple dance floors and bars, T2 provides ample space for guests to mingle and move to the rhythm of the night.

One of the highlights of T2 SHINJUKU is its premium service and attention to detail. The club offers VIP seating and bottle service for those looking to elevate their night out. Its well-stocked bars serve a variety of drinks, from classic cocktails to signature creations, ensuring guests can enjoy their favorite beverages while soaking in the dynamic atmosphere.

Situated in the heart of Shinjuku, the club is easily accessible and surrounded by a wealth of restaurants, bars, and other nightlife options. This makes it a perfect starting point for a night of exploration or a destination to end an evening on a high note. Entry fees vary depending on the event, but the experience often includes a well-curated lineup and a welcoming, party-ready ambiance.

T2 SHINJUKU is more than just a nightclub; it’s a social hub that captures the essence of Tokyo’s modern nightlife. Whether you’re a seasoned clubber or a first-time visitor looking to experience the city’s vibrant after-hours scene, T2 SHINJUKU promises a night filled with music, energy, and unforgettable moments.', '2024-12-12 13:07:45.73273', 'https://t2-shinjuku.com/wp/wp-content/themes/t2_shinjuku/assets/img/index/section03_bg6_sp.jpg', 'T2 SHINJUKU', '2024-12-12 13:07:45.73279', 7, 'https://www.google.com/maps/embed?pb=!1m18!1m12!1m3!1d3240.3053741479634!2d139.6992888!3d35.6941022!2m3!1f0!2f0!3f0!3m2!1i1024!2i768!4f13.1!3m3!1m2!1s0x60188d4f865c109d%3A0x539657da30ba8397!2sT2%20SHINJUKU%20(Nightclub)!5e0!3m2!1sen!2scz!4v1734005257927!5m2!1sen!2scz') ON CONFLICT DO NOTHING;


--
-- TOC entry 3708 (class 0 OID 34122)
-- Dependencies: 218
-- Data for Name: event; Type: TABLE DATA; Schema: public; Owner: postgres
--

INSERT INTO public.event VALUES (8, '2024-12-12 13:15:01.140263', '2024-12-27 02:30:00', '超常フォーチューン', 'https://www.club-quattro.com/image/clubquattro/shop/shibuya/w528/1226kv.jpg', '2024-12-26 18:15:00', 'アイドル', '2024-12-12 13:15:01.140347', 17, 'https://www.google.com/maps/embed?pb=!1m18!1m12!1m3!1d12966.581954815421!2d139.68726802693013!3d35.66110506332229!2m3!1f0!2f0!3f0!3m2!1i1024!2i768!4f13.1!3m3!1m2!1s0x60188ca90b39b971%3A0x731249a28e21e3a7!2sShibuya%20CLUB%20QUATTRO!5e0!3m2!1sen!2scz!4v1734005539859!5m2!1sen!2scz') ON CONFLICT DO NOTHING;
INSERT INTO public.event VALUES (9, '2024-12-12 13:17:48.134804', '2024-12-13 13:17:00', 'Q UNiTY vol.1', 'https://www.club-quattro.com/image/clubquattro/shop/shibuya/w528/cname_20241209172423.jpg', '2024-12-12 13:17:00', 'Club', '2024-12-12 13:17:48.134951', 17, 'https://www.google.com/maps/embed?pb=!1m18!1m12!1m3!1d12966.581954815421!2d139.68726802693016!3d35.66110506332228!2m3!1f0!2f0!3f0!3m2!1i1024!2i768!4f13.1!3m3!1m2!1s0x60188ca90b39b971%3A0x731249a28e21e3a7!2sShibuya%20CLUB%20QUATTRO!5e0!3m2!1sen!2scz!4v1734005852854!5m2!1sen!2scz') ON CONFLICT DO NOTHING;
INSERT INTO public.event VALUES (10, '2024-12-12 13:57:10.972726', '2024-12-12 16:57:00', 'THE PURGE HALLOWEEN', 'https://baiatokyo.com/wp-content/uploads/2023/11/C9DEECE3-098B-411B-929F-8D7BF8D09A73.jpg', '2024-12-12 13:57:00', 'Halloween', '2024-12-12 13:57:10.972856', 18, 'https://www.google.com/maps/embed?pb=!1m18!1m12!1m3!1d12966.49519084288!2d139.68879652693053!3d35.6616393633195!2m3!1f0!2f0!3f0!3m2!1i1024!2i768!4f13.1!3m3!1m2!1s0x60188d2ffa183811%3A0x51a7cadafb5b9c3a!2sBAIA!5e0!3m2!1sen!2scz!4v1734008215159!5m2!1sen!2scz') ON CONFLICT DO NOTHING;
INSERT INTO public.event VALUES (6, '2024-11-29 06:15:45.971574', '2024-11-30 06:16:00', 'Wednesday BAIA (Tech House)', 'https://imgproxy.ra.co/_/quality:66/w:1442/rt:fill/aHR0cHM6Ly9pbWFnZXMucmEuY28vMTQ3YzAxNjA3ZjVkYjUxNGYwZDVhMDUwMWU1NThkMzI0OTY0NWUxYy5qcGc=', '2024-11-29 06:15:00', 'Tech House Event', '2024-11-29 06:15:45.972717', 18, 'https://www.google.com/maps/embed?pb=!1m14!1m8!1m3!1d6483.247543726428!2d139.699075!3d35.66164!3m2!1i1024!2i768!4f13.1!3m3!1m2!1s0x60188d2ffa183811%3A0x51a7cadafb5b9c3a!2sBAIA!5e0!3m2!1sen!2sus!4v1732857306934!5m2!1sen!2sus') ON CONFLICT DO NOTHING;
INSERT INTO public.event VALUES (7, '2024-11-29 06:38:05.305955', '2024-11-30 06:35:00', 'oono yuuki band × neco眠る', 'https://www.club-quattro.com/image/clubquattro/shop/shibuya/w528/241212_oonoyuukiband.jpg', '2024-11-29 06:35:00', 'Concert', '2024-11-29 06:38:05.306071', 17, 'https://www.google.com/maps/embed?pb=!1m18!1m12!1m3!1d3241.6454720887546!2d139.6949713768007!3d35.66110547259382!2m3!1f0!2f0!3f0!3m2!1i1024!2i768!4f13.1!3m3!1m2!1s0x60188ca90b39b971%3A0x731249a28e21e3a7!2sShibuya%20CLUB%20QUATTRO!5e0!3m2!1sen!2scz!4v1732858676791!5m2!1sen!2scz') ON CONFLICT DO NOTHING;


--
-- TOC entry 3718 (class 0 OID 34187)
-- Dependencies: 228
-- Data for Name: event_likes; Type: TABLE DATA; Schema: public; Owner: postgres
--



--
-- TOC entry 3721 (class 0 OID 34232)
-- Dependencies: 231
-- Data for Name: recommended_clubs; Type: TABLE DATA; Schema: public; Owner: postgres
--



--
-- TOC entry 3722 (class 0 OID 34254)
-- Dependencies: 232
-- Data for Name: recommended_events; Type: TABLE DATA; Schema: public; Owner: postgres
--



--
-- TOC entry 3710 (class 0 OID 34130)
-- Dependencies: 220
-- Data for Name: roles; Type: TABLE DATA; Schema: public; Owner: postgres
--

INSERT INTO public.roles VALUES (1, 'USER') ON CONFLICT DO NOTHING;
INSERT INTO public.roles VALUES (2, 'USER') ON CONFLICT DO NOTHING;
INSERT INTO public.roles VALUES (3, 'USER') ON CONFLICT DO NOTHING;
INSERT INTO public.roles VALUES (4, 'USER') ON CONFLICT DO NOTHING;
INSERT INTO public.roles VALUES (5, 'USER') ON CONFLICT DO NOTHING;
INSERT INTO public.roles VALUES (6, 'USER') ON CONFLICT DO NOTHING;
INSERT INTO public.roles VALUES (7, 'ADMIN') ON CONFLICT DO NOTHING;
INSERT INTO public.roles VALUES (8, 'USER') ON CONFLICT DO NOTHING;
INSERT INTO public.roles VALUES (9, 'ADMIN') ON CONFLICT DO NOTHING;
INSERT INTO public.roles VALUES (10, 'USER') ON CONFLICT DO NOTHING;


--
-- TOC entry 3725 (class 0 OID 34320)
-- Dependencies: 235
-- Data for Name: slope_one_data; Type: TABLE DATA; Schema: public; Owner: postgres
--



--
-- TOC entry 3719 (class 0 OID 34192)
-- Dependencies: 229
-- Data for Name: user_club_likes; Type: TABLE DATA; Schema: public; Owner: postgres
--

INSERT INTO public.user_club_likes VALUES (7, 31) ON CONFLICT DO NOTHING;
INSERT INTO public.user_club_likes VALUES (7, 32) ON CONFLICT DO NOTHING;
INSERT INTO public.user_club_likes VALUES (7, 33) ON CONFLICT DO NOTHING;


--
-- TOC entry 3720 (class 0 OID 34195)
-- Dependencies: 230
-- Data for Name: user_event_likes; Type: TABLE DATA; Schema: public; Owner: postgres
--



--
-- TOC entry 3711 (class 0 OID 34135)
-- Dependencies: 221
-- Data for Name: user_roles; Type: TABLE DATA; Schema: public; Owner: postgres
--

INSERT INTO public.user_roles VALUES (2, 1) ON CONFLICT DO NOTHING;
INSERT INTO public.user_roles VALUES (3, 2) ON CONFLICT DO NOTHING;
INSERT INTO public.user_roles VALUES (4, 3) ON CONFLICT DO NOTHING;
INSERT INTO public.user_roles VALUES (5, 4) ON CONFLICT DO NOTHING;
INSERT INTO public.user_roles VALUES (6, 5) ON CONFLICT DO NOTHING;
INSERT INTO public.user_roles VALUES (7, 6) ON CONFLICT DO NOTHING;
INSERT INTO public.user_roles VALUES (7, 7) ON CONFLICT DO NOTHING;
INSERT INTO public.user_roles VALUES (8, 8) ON CONFLICT DO NOTHING;
INSERT INTO public.user_roles VALUES (8, 9) ON CONFLICT DO NOTHING;
INSERT INTO public.user_roles VALUES (9, 10) ON CONFLICT DO NOTHING;


--
-- TOC entry 3713 (class 0 OID 34139)
-- Dependencies: 223
-- Data for Name: users; Type: TABLE DATA; Schema: public; Owner: postgres
--

INSERT INTO public.users VALUES (1, 'hello@hello.com', '$2a$10$I33gJNfvLLexk6Ux19WMg.MDufwqP2oBdD8qIQCQUaR6KZb.pirt.', 'hello', NULL, NULL, NULL, NULL) ON CONFLICT DO NOTHING;
INSERT INTO public.users VALUES (2, 'sup@sup.com', '$2a$10$nwYc0eknmAMbITbVzSaqEe4e/8dKbfxo.Xmfc7CVyQzwrWZjJELju', 'sup', NULL, NULL, NULL, NULL) ON CONFLICT DO NOTHING;
INSERT INTO public.users VALUES (3, 'supi@supi.com', '$2a$10$WegM2XcmQKr/dmkPaFgmAe7Wl0za.ts7SFm0zSFcEvs8UT2iwwkdG', 'supi', NULL, NULL, NULL, NULL) ON CONFLICT DO NOTHING;
INSERT INTO public.users VALUES (4, 'man@man.com', '$2a$10$hBXa155e58SG6YnCNm/E4.7xja3OSUflDi.eRRxhrpW9dErgjzv5.', 'man', NULL, NULL, NULL, NULL) ON CONFLICT DO NOTHING;
INSERT INTO public.users VALUES (5, 'suppa@suppa.com', '$2a$10$hmb4dFiZJVgGTso.4YjFMObbMkh91pn83AaSCJTVjGpoXazCKGvDq', 'suppa', NULL, NULL, NULL, NULL) ON CONFLICT DO NOTHING;
INSERT INTO public.users VALUES (6, 'hellom@hellom.com', '$2a$10$VFl04C7npabw7YTiGENXwueCQ/uIsGRfEXNotgWdCW8GOlzmN8qE6', 'hellom', NULL, NULL, NULL, NULL) ON CONFLICT DO NOTHING;
INSERT INTO public.users VALUES (7, 'admin@admin.com', '$2a$10$3aoo2VkZaRZOkHeawrcngejLY2JO2UD/w95rBjkD/CPOOYtNSUNtC', 'admin', NULL, NULL, NULL, NULL) ON CONFLICT DO NOTHING;
INSERT INTO public.users VALUES (8, 'admin2@admin2.com', '$2a$10$Ragas/dp9qJZxGn0UeN1L.85jlq0nIsTn6bKB.4kua3PEVplTDXF2', 'admin2', NULL, NULL, NULL, NULL) ON CONFLICT DO NOTHING;
INSERT INTO public.users VALUES (9, 'sudoku@sudoku.com', '$2a$10$uLEg9hRTuRk1EE9DlisPluPNkCat/S9NOtsF5h7aQZXHtHiSTfYPm', 'sudoku', NULL, NULL, NULL, NULL) ON CONFLICT DO NOTHING;


--
-- TOC entry 3723 (class 0 OID 34286)
-- Dependencies: 233
-- Data for Name: users_club_likes; Type: TABLE DATA; Schema: public; Owner: postgres
--



--
-- TOC entry 3724 (class 0 OID 34291)
-- Dependencies: 234
-- Data for Name: users_event_likes; Type: TABLE DATA; Schema: public; Owner: postgres
--



--
-- TOC entry 3714 (class 0 OID 34167)
-- Dependencies: 224
-- Data for Name: users_roles; Type: TABLE DATA; Schema: public; Owner: postgres
--



--
-- TOC entry 3731 (class 0 OID 0)
-- Dependencies: 225
-- Name: club_likes_id_seq; Type: SEQUENCE SET; Schema: public; Owner: postgres
--

SELECT pg_catalog.setval('public.club_likes_id_seq', 33, true);


--
-- TOC entry 3732 (class 0 OID 0)
-- Dependencies: 215
-- Name: clubs_id_seq; Type: SEQUENCE SET; Schema: public; Owner: postgres
--

SELECT pg_catalog.setval('public.clubs_id_seq', 21, true);


--
-- TOC entry 3733 (class 0 OID 0)
-- Dependencies: 217
-- Name: event_id_seq; Type: SEQUENCE SET; Schema: public; Owner: postgres
--

SELECT pg_catalog.setval('public.event_id_seq', 10, true);


--
-- TOC entry 3734 (class 0 OID 0)
-- Dependencies: 227
-- Name: event_likes_id_seq; Type: SEQUENCE SET; Schema: public; Owner: postgres
--

SELECT pg_catalog.setval('public.event_likes_id_seq', 1, false);


--
-- TOC entry 3735 (class 0 OID 0)
-- Dependencies: 219
-- Name: roles_id_seq; Type: SEQUENCE SET; Schema: public; Owner: postgres
--

SELECT pg_catalog.setval('public.roles_id_seq', 10, true);


--
-- TOC entry 3736 (class 0 OID 0)
-- Dependencies: 222
-- Name: users_id_seq; Type: SEQUENCE SET; Schema: public; Owner: postgres
--

SELECT pg_catalog.setval('public.users_id_seq', 9, true);


--
-- TOC entry 3513 (class 2606 OID 34185)
-- Name: club_likes club_likes_pkey; Type: CONSTRAINT; Schema: public; Owner: postgres
--

ALTER TABLE ONLY public.club_likes
    ADD CONSTRAINT club_likes_pkey PRIMARY KEY (id);


--
-- TOC entry 3505 (class 2606 OID 34120)
-- Name: clubs clubs_pkey; Type: CONSTRAINT; Schema: public; Owner: postgres
--

ALTER TABLE ONLY public.clubs
    ADD CONSTRAINT clubs_pkey PRIMARY KEY (id);


--
-- TOC entry 3515 (class 2606 OID 34191)
-- Name: event_likes event_likes_pkey; Type: CONSTRAINT; Schema: public; Owner: postgres
--

ALTER TABLE ONLY public.event_likes
    ADD CONSTRAINT event_likes_pkey PRIMARY KEY (id);


--
-- TOC entry 3507 (class 2606 OID 34128)
-- Name: event event_pkey; Type: CONSTRAINT; Schema: public; Owner: postgres
--

ALTER TABLE ONLY public.event
    ADD CONSTRAINT event_pkey PRIMARY KEY (id);


--
-- TOC entry 3509 (class 2606 OID 34134)
-- Name: roles roles_pkey; Type: CONSTRAINT; Schema: public; Owner: postgres
--

ALTER TABLE ONLY public.roles
    ADD CONSTRAINT roles_pkey PRIMARY KEY (id);


--
-- TOC entry 3537 (class 2606 OID 34324)
-- Name: slope_one_data slope_one_data_pkey; Type: CONSTRAINT; Schema: public; Owner: postgres
--

ALTER TABLE ONLY public.slope_one_data
    ADD CONSTRAINT slope_one_data_pkey PRIMARY KEY (id);


--
-- TOC entry 3525 (class 2606 OID 34236)
-- Name: recommended_clubs uk7fjnveoxn2l25a3t6crrsin5v; Type: CONSTRAINT; Schema: public; Owner: postgres
--

ALTER TABLE ONLY public.recommended_clubs
    ADD CONSTRAINT uk7fjnveoxn2l25a3t6crrsin5v UNIQUE (recommended_clubs_id);


--
-- TOC entry 3519 (class 2606 OID 34238)
-- Name: user_event_likes uk8hgjt41muucj3v5woeducdmbc; Type: CONSTRAINT; Schema: public; Owner: postgres
--

ALTER TABLE ONLY public.user_event_likes
    ADD CONSTRAINT uk8hgjt41muucj3v5woeducdmbc UNIQUE (recommended_events_id);


--
-- TOC entry 3533 (class 2606 OID 34299)
-- Name: users_event_likes ukc1lskxyac3f0d21axg2pht3gv; Type: CONSTRAINT; Schema: public; Owner: postgres
--

ALTER TABLE ONLY public.users_event_likes
    ADD CONSTRAINT ukc1lskxyac3f0d21axg2pht3gv UNIQUE (event_likes_id);


--
-- TOC entry 3521 (class 2606 OID 34201)
-- Name: user_event_likes ukflvdt46cs2btl0edmkd5quscs; Type: CONSTRAINT; Schema: public; Owner: postgres
--

ALTER TABLE ONLY public.user_event_likes
    ADD CONSTRAINT ukflvdt46cs2btl0edmkd5quscs UNIQUE (event_likes_id);


--
-- TOC entry 3527 (class 2606 OID 34258)
-- Name: recommended_events ukh2lskafln4fy1jhc26qkbuuka; Type: CONSTRAINT; Schema: public; Owner: postgres
--

ALTER TABLE ONLY public.recommended_events
    ADD CONSTRAINT ukh2lskafln4fy1jhc26qkbuuka UNIQUE (recommended_events_id);


--
-- TOC entry 3529 (class 2606 OID 34297)
-- Name: users_club_likes ukho5lftobgxps23tgx97yd7iab; Type: CONSTRAINT; Schema: public; Owner: postgres
--

ALTER TABLE ONLY public.users_club_likes
    ADD CONSTRAINT ukho5lftobgxps23tgx97yd7iab UNIQUE (club_likes_id);


--
-- TOC entry 3517 (class 2606 OID 34199)
-- Name: user_club_likes ukmfhq7w9ml3sto2vrvpfee8aje; Type: CONSTRAINT; Schema: public; Owner: postgres
--

ALTER TABLE ONLY public.user_club_likes
    ADD CONSTRAINT ukmfhq7w9ml3sto2vrvpfee8aje UNIQUE (club_likes_id);


--
-- TOC entry 3523 (class 2606 OID 34275)
-- Name: user_event_likes ukr7pftxaokdkrkxfkol45juqom; Type: CONSTRAINT; Schema: public; Owner: postgres
--

ALTER TABLE ONLY public.user_event_likes
    ADD CONSTRAINT ukr7pftxaokdkrkxfkol45juqom UNIQUE (event_like_id);


--
-- TOC entry 3531 (class 2606 OID 34290)
-- Name: users_club_likes users_club_likes_pkey; Type: CONSTRAINT; Schema: public; Owner: postgres
--

ALTER TABLE ONLY public.users_club_likes
    ADD CONSTRAINT users_club_likes_pkey PRIMARY KEY (users_id, club_likes_id);


--
-- TOC entry 3535 (class 2606 OID 34295)
-- Name: users_event_likes users_event_likes_pkey; Type: CONSTRAINT; Schema: public; Owner: postgres
--

ALTER TABLE ONLY public.users_event_likes
    ADD CONSTRAINT users_event_likes_pkey PRIMARY KEY (users_id, event_likes_id);


--
-- TOC entry 3511 (class 2606 OID 34145)
-- Name: users users_pkey; Type: CONSTRAINT; Schema: public; Owner: postgres
--

ALTER TABLE ONLY public.users
    ADD CONSTRAINT users_pkey PRIMARY KEY (id);


--
-- TOC entry 3538 (class 2606 OID 34146)
-- Name: clubs fk1e0ic3ghh6e36j1c3mh1o07f3; Type: FK CONSTRAINT; Schema: public; Owner: postgres
--

ALTER TABLE ONLY public.clubs
    ADD CONSTRAINT fk1e0ic3ghh6e36j1c3mh1o07f3 FOREIGN KEY (created_by) REFERENCES public.users(id);


--
-- TOC entry 3558 (class 2606 OID 34300)
-- Name: users_club_likes fk1uuu3wdlemw2rx1jm19lxtty5; Type: FK CONSTRAINT; Schema: public; Owner: postgres
--

ALTER TABLE ONLY public.users_club_likes
    ADD CONSTRAINT fk1uuu3wdlemw2rx1jm19lxtty5 FOREIGN KEY (club_likes_id) REFERENCES public.club_likes(id);


--
-- TOC entry 3560 (class 2606 OID 34310)
-- Name: users_event_likes fk2aj81baeroqiw9cwqlsdnxk19; Type: FK CONSTRAINT; Schema: public; Owner: postgres
--

ALTER TABLE ONLY public.users_event_likes
    ADD CONSTRAINT fk2aj81baeroqiw9cwqlsdnxk19 FOREIGN KEY (event_likes_id) REFERENCES public.event_likes(id);


--
-- TOC entry 3542 (class 2606 OID 34175)
-- Name: users_roles fk2o0jvgh89lemvvo17cbqvdxaa; Type: FK CONSTRAINT; Schema: public; Owner: postgres
--

ALTER TABLE ONLY public.users_roles
    ADD CONSTRAINT fk2o0jvgh89lemvvo17cbqvdxaa FOREIGN KEY (user_id) REFERENCES public.users(id);


--
-- TOC entry 3545 (class 2606 OID 34207)
-- Name: event_likes fk2rvgnumtxm3bfrblk1539nrqa; Type: FK CONSTRAINT; Schema: public; Owner: postgres
--

ALTER TABLE ONLY public.event_likes
    ADD CONSTRAINT fk2rvgnumtxm3bfrblk1539nrqa FOREIGN KEY (event_id) REFERENCES public.event(id);


--
-- TOC entry 3546 (class 2606 OID 34217)
-- Name: user_club_likes fk3tot884yg6mqqqc953su8qpc5; Type: FK CONSTRAINT; Schema: public; Owner: postgres
--

ALTER TABLE ONLY public.user_club_likes
    ADD CONSTRAINT fk3tot884yg6mqqqc953su8qpc5 FOREIGN KEY (user_id) REFERENCES public.users(id);


--
-- TOC entry 3548 (class 2606 OID 34249)
-- Name: user_event_likes fk4tufxvo0hv52pp91iknbyw22c; Type: FK CONSTRAINT; Schema: public; Owner: postgres
--

ALTER TABLE ONLY public.user_event_likes
    ADD CONSTRAINT fk4tufxvo0hv52pp91iknbyw22c FOREIGN KEY (recommended_events_id) REFERENCES public.event(id);


--
-- TOC entry 3556 (class 2606 OID 34259)
-- Name: recommended_events fk5purbn6equqyx0pmfma9d1j3g; Type: FK CONSTRAINT; Schema: public; Owner: postgres
--

ALTER TABLE ONLY public.recommended_events
    ADD CONSTRAINT fk5purbn6equqyx0pmfma9d1j3g FOREIGN KEY (recommended_events_id) REFERENCES public.event(id);


--
-- TOC entry 3557 (class 2606 OID 34264)
-- Name: recommended_events fk5pxajgxxl3g14kjibtabmv8kp; Type: FK CONSTRAINT; Schema: public; Owner: postgres
--

ALTER TABLE ONLY public.recommended_events
    ADD CONSTRAINT fk5pxajgxxl3g14kjibtabmv8kp FOREIGN KEY (user_id) REFERENCES public.users(id);


--
-- TOC entry 3549 (class 2606 OID 34276)
-- Name: user_event_likes fk7bw8yaw3nuw82bmorx4ttnall; Type: FK CONSTRAINT; Schema: public; Owner: postgres
--

ALTER TABLE ONLY public.user_event_likes
    ADD CONSTRAINT fk7bw8yaw3nuw82bmorx4ttnall FOREIGN KEY (event_like_id) REFERENCES public.event_likes(id);


--
-- TOC entry 3550 (class 2606 OID 34281)
-- Name: user_event_likes fk7ds31r162fprnmtaj8knie30k; Type: FK CONSTRAINT; Schema: public; Owner: postgres
--

ALTER TABLE ONLY public.user_event_likes
    ADD CONSTRAINT fk7ds31r162fprnmtaj8knie30k FOREIGN KEY (event_id) REFERENCES public.event(id);


--
-- TOC entry 3547 (class 2606 OID 34212)
-- Name: user_club_likes fk87is07xxdd8dwrf034wxxdeby; Type: FK CONSTRAINT; Schema: public; Owner: postgres
--

ALTER TABLE ONLY public.user_club_likes
    ADD CONSTRAINT fk87is07xxdd8dwrf034wxxdeby FOREIGN KEY (club_likes_id) REFERENCES public.club_likes(id);


--
-- TOC entry 3539 (class 2606 OID 34151)
-- Name: event fk8meg6nvkeiw3li6ufg06xww2d; Type: FK CONSTRAINT; Schema: public; Owner: postgres
--

ALTER TABLE ONLY public.event
    ADD CONSTRAINT fk8meg6nvkeiw3li6ufg06xww2d FOREIGN KEY (club_id) REFERENCES public.clubs(id);


--
-- TOC entry 3559 (class 2606 OID 34305)
-- Name: users_club_likes fk8s9r2ufbaxefoffyqylj5r5ma; Type: FK CONSTRAINT; Schema: public; Owner: postgres
--

ALTER TABLE ONLY public.users_club_likes
    ADD CONSTRAINT fk8s9r2ufbaxefoffyqylj5r5ma FOREIGN KEY (users_id) REFERENCES public.users(id);


--
-- TOC entry 3551 (class 2606 OID 34269)
-- Name: user_event_likes fk9cwgnvpw38yor21ukhsfoyftt; Type: FK CONSTRAINT; Schema: public; Owner: postgres
--

ALTER TABLE ONLY public.user_event_likes
    ADD CONSTRAINT fk9cwgnvpw38yor21ukhsfoyftt FOREIGN KEY (event_likes_key) REFERENCES public.event(id);


--
-- TOC entry 3544 (class 2606 OID 34202)
-- Name: club_likes fkfxnb3biyjvq7186yq5ciqe38o; Type: FK CONSTRAINT; Schema: public; Owner: postgres
--

ALTER TABLE ONLY public.club_likes
    ADD CONSTRAINT fkfxnb3biyjvq7186yq5ciqe38o FOREIGN KEY (club_id) REFERENCES public.clubs(id);


--
-- TOC entry 3552 (class 2606 OID 34227)
-- Name: user_event_likes fkgig1nv4bfqutfrjfgir87ffil; Type: FK CONSTRAINT; Schema: public; Owner: postgres
--

ALTER TABLE ONLY public.user_event_likes
    ADD CONSTRAINT fkgig1nv4bfqutfrjfgir87ffil FOREIGN KEY (user_id) REFERENCES public.users(id);


--
-- TOC entry 3540 (class 2606 OID 34156)
-- Name: user_roles fkh8ciramu9cc9q3qcqiv4ue8a6; Type: FK CONSTRAINT; Schema: public; Owner: postgres
--

ALTER TABLE ONLY public.user_roles
    ADD CONSTRAINT fkh8ciramu9cc9q3qcqiv4ue8a6 FOREIGN KEY (role_id) REFERENCES public.roles(id);


--
-- TOC entry 3541 (class 2606 OID 34161)
-- Name: user_roles fkhfh9dx7w3ubf1co1vdev94g3f; Type: FK CONSTRAINT; Schema: public; Owner: postgres
--

ALTER TABLE ONLY public.user_roles
    ADD CONSTRAINT fkhfh9dx7w3ubf1co1vdev94g3f FOREIGN KEY (user_id) REFERENCES public.users(id);


--
-- TOC entry 3553 (class 2606 OID 34222)
-- Name: user_event_likes fkj2xuww4tl2j5hkbd937ahrfdk; Type: FK CONSTRAINT; Schema: public; Owner: postgres
--

ALTER TABLE ONLY public.user_event_likes
    ADD CONSTRAINT fkj2xuww4tl2j5hkbd937ahrfdk FOREIGN KEY (event_likes_id) REFERENCES public.event_likes(id);


--
-- TOC entry 3543 (class 2606 OID 34170)
-- Name: users_roles fkj6m8fwv7oqv74fcehir1a9ffy; Type: FK CONSTRAINT; Schema: public; Owner: postgres
--

ALTER TABLE ONLY public.users_roles
    ADD CONSTRAINT fkj6m8fwv7oqv74fcehir1a9ffy FOREIGN KEY (role_id) REFERENCES public.roles(id);


--
-- TOC entry 3561 (class 2606 OID 34315)
-- Name: users_event_likes fkndp5i8t8esg14hi3ggcqvqt66; Type: FK CONSTRAINT; Schema: public; Owner: postgres
--

ALTER TABLE ONLY public.users_event_likes
    ADD CONSTRAINT fkndp5i8t8esg14hi3ggcqvqt66 FOREIGN KEY (users_id) REFERENCES public.users(id);


--
-- TOC entry 3554 (class 2606 OID 34244)
-- Name: recommended_clubs fknfmhtcp1r8wfm52pr83h1snp6; Type: FK CONSTRAINT; Schema: public; Owner: postgres
--

ALTER TABLE ONLY public.recommended_clubs
    ADD CONSTRAINT fknfmhtcp1r8wfm52pr83h1snp6 FOREIGN KEY (user_id) REFERENCES public.users(id);


--
-- TOC entry 3555 (class 2606 OID 34239)
-- Name: recommended_clubs fkrbm3itd6dwr322y0q4erkxq73; Type: FK CONSTRAINT; Schema: public; Owner: postgres
--

ALTER TABLE ONLY public.recommended_clubs
    ADD CONSTRAINT fkrbm3itd6dwr322y0q4erkxq73 FOREIGN KEY (recommended_clubs_id) REFERENCES public.clubs(id);


-- Completed on 2024-12-12 14:08:41 CET

--
-- PostgreSQL database dump complete
--

